locality           , business_name                                              , rating, reviews, phone     , whatsapp_link             , website, has_own_site, prospect_tier, gmaps_url
Raj Nagar          , Perfect smile                                              ,    5.0,     333, 8750118906, https://wa.me/918750118906,        , FALSE       , PRIME        , https://maps.google.com/?q=Perfect+smile+dental+Raj+Nagar+Ghaziabad
Raj Nagar          , Dr. Grover's Dental & Orthodontic Clinic and Implant Centre,    4.8,     343, 9873554684, https://wa.me/919873554684,        , FALSE       , PRIME        , https://maps.google.com/?q=Dr+Grover+Dental+Raj+Nagar+Ghaziabad
Raj Nagar          , DENTAL DESIGNERS                                           ,    4.9,     104, 9568726996, https://wa.me/919568726996,        , FALSE       , PRIME        , https://maps.google.com/?q=DENTAL+DESIGNERS+RDC+Raj+Nagar+Ghaziabad
Raj Nagar          , Dr Shirley Ma Dental Clinic                                ,    5.0,      84, 9818231620, https://wa.me/919818231620,        , FALSE       , PRIME        , https://maps.google.com/?q=Dr+Shirley+Ma+Dental+Clinic+Raj+Nagar+Ghaziabad
Raj Nagar          , Dental tree - Dr. Harshit Singhal                          ,    5.0,     394, 7011639410, https://wa.me/917011639410,        , FALSE       , PRIME        , https://maps.google.com/?q=Dental+tree+Dr+Harshit+Singhal+Raj+Nagar+Ghaziabad
Raj Nagar Extension, Dr Keshav Dental and Implant Clinic                        ,    4.9,     186, 6360268937, https://wa.me/916360268937,        , FALSE       , PRIME        , https://maps.google.com/?q=Dr+Keshav+Dental+Implant+Raj+Nagar+Extension+Ghaziabad
Raj Nagar Extension, Dental Kreations Clinic                                    ,    5.0,     134, 9958739374, https://wa.me/919958739374,        , FALSE       , PRIME        , https://maps.google.com/?q=Dental+Kreations+Clinic+Raj+Nagar+Extension+Ghaziabad
Raj Nagar Extension, Snehy's Clinic                                             ,    4.8,     122, 9999847649, https://wa.me/919999847649,        , FALSE       , PRIME        , https://maps.google.com/?q=Snehy+Clinic+Windsor+Paradise+Raj+Nagar+Extension+Ghaziabad
Raj Nagar Extension, Ghaziabad Dental Care                                      ,    4.9,      57, 9716675343, https://wa.me/919716675343,        , FALSE       , PRIME        , https://maps.google.com/?q=Ghaziabad+Dental+Care+Raj+Nagar+Extension+Ghaziabad
Raj Nagar Extension, Sahaj Orthopaedic and Dental Clinic                        ,    5.0,      83, 9560087974, https://wa.me/919560087974,        , FALSE       , PRIME        , https://maps.google.com/?q=Sahaj+Dental+KW+Srishti+Raj+Nagar+Extension+Ghaziabad
Raj Nagar Extension, Chaturvedi Dental Clinic                                   ,    5.0,      50, 9810513103, https://wa.me/919810513103,        , FALSE       , PRIME        , https://maps.google.com/?q=Chaturvedi+Dental+Clinic+Raj+Nagar+Extension+Ghaziabad
Raj Nagar Extension, Bhawani Dental Clinic - Dr Astha Yadav                     ,    4.8,      51, 8800136464, https://wa.me/918800136464,        , FALSE       , PRIME        , https://maps.google.com/?q=Bhawani+Dental+Clinic+Raj+Nagar+Extension+Ghaziabad
Raj Nagar Extension, Shree Vinayak Dental Care Clinic                           ,    5.0,      51, 9719173400, https://wa.me/919719173400,        , FALSE       , PRIME        , https://maps.google.com/?q=Shree+Vinayak+Dental+Care+Raj+Nagar+Extension+Ghaziabad
Raj Nagar Extension, Dr Bagdi Dental Clinic Sihani                              ,    5.0,      44, 9315707682, https://wa.me/919315707682,        , FALSE       , PRIME        , https://maps.google.com/?q=Dr+Bagdi+Dental+Clinic+Sihani+Ghaziabad
Raj Nagar Extension, Bagdi Dental Clinic                                        ,    5.0,      28, 9560832124, https://wa.me/919560832124,        , FALSE       , PRIME        , https://maps.google.com/?q=Bagdi+Dental+Clinic+Raj+Nagar+Extension+Ghaziabad
Raj Nagar Extension, Dr. Kumar's Dental Clinic And Implant Centre               ,    5.0,      37, 9810741740, https://wa.me/919810741740,        , FALSE       , PRIME        , https://maps.google.com/?q=Dr+Kumar+Dental+KW+Srishti+Raj+Nagar+Extension+Ghaziabad
Raj Nagar Extension, Golden Tooth                                               ,    4.9,      17, 8826668501, https://wa.me/918826668501,        , FALSE       , PRIME        , https://maps.google.com/?q=Golden+Tooth+AVS+City+Square+Raj+Nagar+Extension+Ghaziabad
Raj Nagar          , Eco Dental Pvt Ltd                                         ,    4.7,      14, 9891938045, https://wa.me/919891938045,        , FALSE       , PRIME        , https://maps.google.com/?q=Eco+Dental+Raj+Nagar+Ghaziabad
Raj Nagar          , Vinayak Dental Clinic & Implant Centre                     ,    5.0,      10, 9953112008, https://wa.me/919953112008,        , FALSE       , PRIME        , https://maps.google.com/?q=Vinayak+Dental+Clinic+Raj+Nagar+Ghaziabad
Raj Nagar          , Dadu Dental Care                                           ,    5.0,       9, 9868824710, https://wa.me/919868824710,        , FALSE       , PRIME        , https://maps.google.com/?q=Dadu+Dental+Care+Raj+Nagar+Ghaziabad
Raj Nagar          , Nitish Dental                                              ,    5.0,      17, 8368404301, https://wa.me/918368404301,        , FALSE       , PRIME        , https://maps.google.com/?q=Nitish+Dental+Clinic+Raj+Nagar+Ghaziabad
Raj Nagar          , Abode Of Tooth Dental Clinics                              ,       ,        , 8377076979, https://wa.me/918377076979,        , FALSE       , PRIME        , https://maps.google.com/?q=Abode+Of+Tooth+Dental+Clinic+RDC+Raj+Nagar+Ghaziabad
Raj Nagar          , Dental & Aesthetic Clinic                                  ,       ,        , 9811873557, https://wa.me/919811873557,        , FALSE       , PRIME        , https://maps.google.com/?q=Dental+Aesthetic+Clinic+RDC+Raj+Nagar+Ghaziabad
Raj Nagar          , Diva Raghav Dental Clinic                                  ,       ,        , 8920774090, https://wa.me/918920774090,        , FALSE       , PRIME        , https://maps.google.com/?q=Diva+Raghav+Dental+Clinic+Raj+Nagar+Ghaziabad
Raj Nagar          , Sparkee Dental Clinic                                      ,       ,        , 9818579579, https://wa.me/919818579579,        , FALSE       , PRIME        , https://maps.google.com/?q=Sparkee+Dental+Clinic+Raj+Nagar+Ghaziabad
Raj Nagar Extension, SS Dental Care                                             ,    5.0,      21, 8076070298, https://wa.me/918076070298,        , FALSE       , PRIME        , https://maps.google.com/?q=SS+Dental+Care+Raj+Nagar+Extension+Ghaziabad
Raj Nagar Extension, The Tooth Booth Dental and Orthodontic Centre              ,    5.0,       9, 9013970943, https://wa.me/919013970943,        , FALSE       , PRIME        , https://maps.google.com/?q=Tooth+Booth+Dental+Raj+Nagar+Extension+Ghaziabad
Raj Nagar Extension, BANSAL DENTAL SOLUTIONS                                    ,    5.0,      10, 7017910168, https://wa.me/917017910168,        , FALSE       , PRIME        , https://maps.google.com/?q=Bansal+Dental+Solutions+KDP+Raj+Nagar+Extension+Ghaziabad
Raj Nagar Extension, Sardana's Dental Care                                      ,    4.6,      11, 7531899676, https://wa.me/917531899676,        , FALSE       , PRIME        , https://maps.google.com/?q=Sardana+Dental+Care+Raj+Nagar+Extension+Ghaziabad
Raj Nagar Extension, Happy Smile Dental Home                                    ,    5.0,       3, 9411456043, https://wa.me/919411456043,        , FALSE       , PRIME        , https://maps.google.com/?q=Happy+Smile+Dental+Home+MCC+Signature+Heights+Ghaziabad
Raj Nagar Extension, Roots & Ridges Dental Clinic                               ,    4.1,      12, 9013396829, https://wa.me/919013396829,        , FALSE       , PRIME        , https://maps.google.com/?q=Roots+Ridges+Dental+Clinic+Raj+Nagar+Extension+Ghaziabad
Raj Nagar          , Raj Dental Clinic                                          ,    3.7,      15, 9268587584, https://wa.me/919268587584,        , FALSE       , PRIME        , https://maps.google.com/?q=Raj+Dental+Clinic+Kavi+Nagar+Ghaziabad
Raj Nagar          , Shri Balaji Dental Care                                    ,       ,        , 9350387987, https://wa.me/919350387987,        , FALSE       , PRIME        , https://maps.google.com/?q=Shri+Balaji+Dental+Care+Noornagar+Ghaziabad
